{"spot_diameter_fullres": 25.225860000000004, "tissue_hires_scalef": 0.53835803, "fiducial_diameter_fullres": 40.74946599999999, "tissue_lowres_scalef": 0.1615074}